Фамилия,Имя,Отчество,Телефон
Иванов,Иван,Иванович,5675468754
Петров,Пётр,Петрович,7456567589
Алексеев,Макар,Трифонович,83334442233
Максимов,Максим,Максимович,948567456
Дмитриев,Дмитрий,Дмитриевич,49586467
Сергеев,Сергей,Сергеевич,9456978465
Матвеев,Матвей,Матвеевич,83567348567
Юрьев,Юрий,Юрьевич,9345678346
Алексеев,Алексей,Герасимович,8346349866
Макаров,Макар,Макарович,4445556666
Викторов,Виктор,Викторович,89997776655
Барыгин-амурский,Яков,Анатольевич,78886664433
Мухортин,Павел,Викторович,1122334455
Денисов,Денис,Денисович,123654789
Антонов,Антон,Игоревич,8111223344
Станиславов,Станислав,Станиславович,1029384756
Сидоров,Сидор,Сидорович,43564395876
Федоров,Федор,Федорович,98456793456
